{
    "data": [
        {
            "activity_id": "http://7niu.58hyj.com/%E5%A4%A7%E4%BE%AF%E5%BA%84%E8%89%BA%E9%A2%96%E8%88%9E%E8%B9%88%E9%98%9F-%E5%A4%8D%E8%B5%9B-%E5%9B%BD%E6%97%97%E4%B9%8B%E6%81%8B.mp4",
            "pic": "/upload_video_img/20161101/20161101135653335.jpg",
            "title": "赛事资讯"
        },
	{
            "activity_id": "http://video.58hyj.com/20161028/duoqingdebawujiesai.mp4",
            "pic": "/upload_video_img/20161101/20161101135629668.jpg",
            "title": "耀眼明星"
        },
	{
            "activity_id": "http://video.58hyj.com/20161028/duoqingdebawufusai.mp4",
            "pic": "/upload_video_img/20161101/20161101135605400.jpg",
            "title": "悦享之家"
        },
	{
            "activity_id": "http://7niu.58hyj.com/%E7%BE%A4%E6%98%9F%E8%88%9E%E8%B9%88%E5%9B%A2-%E5%88%9D%E8%B5%9B-%E4%B8%AD%E5%9B%BD%E5%96%9C%E4%BA%8B.mp4",
            "pic": "/upload_video_img/20161101/20161101135447348.jpg",
            "title": "公益活动"
        },
	{
            "activity_id": "http://7niu.58hyj.com/%E7%A7%8B%E4%B9%8B%E9%9F%B5%E8%88%9E%E8%B9%88%E9%98%9F-%E5%88%9D%E8%B5%9B-%E4%BB%8A%E5%A4%A9%E6%98%AF%E4%BD%A0%E7%9A%84%E7%94%9F%E6%97%A5%E4%B8%AD%E5%9B%BD.mp4",
            "pic": "/upload_video_img/20161101/20161101135421517.jpg",
            "title": "团队展示"
        },
	{
            "activity_id": "http://7niu.58hyj.com/%E9%9D%92%E4%BA%91%E8%88%9E%E9%9F%B5-%E5%B1%95%E6%BC%94-%E6%8E%92%E8%88%9E%E4%B8%B2%E7%83%A7.mp4",
            "pic": "/upload_video_img/20161101/20161101135355926.jpg",
            "title": "歌舞招生"
        },
	{
            "activity_id": "http://7niu.58hyj.com/%E5%8D%97%E5%BC%80%E9%91%AB%E6%98%9F%E8%88%9E%E8%B9%88%E9%98%9F-%E5%B1%95%E6%BC%94-%E7%A5%9E%E5%A5%87%E7%9A%84%E4%B9%9D%E5%AF%A8.mp4",
            "pic": "/upload_video_img/20161101/20161101135222918.jpg",
            "title": "名师教学"
        },
	{
            "activity_id": "http://7niu.58hyj.com/%E6%A2%85%E8%88%9E%E8%8A%AC%E8%8A%B3%E8%88%9E%E8%B9%88%E9%98%9F-%E5%B1%95%E6%BC%94-%E5%8D%83%E5%8F%A4%E6%83%85.mp4",
            "pic": "/upload_video_img/20161101/20161101135146521.jpg",
            "title": "更多内容"
        }
    ]
}
